{"cameraMode":{"drawMode":0,"name":"Shaded","section":"Shading Mode"},"sceneLighting":false,"audioPlay":false,"sceneViewState":{"showFog":true,"showMaterialUpdate":false,"showSkybox":false,"showFlares":true,"showImageEffects":true,"showParticleSystems":true},"in2DMode":false,"pivot":{"x":0.05830514430999756,"y":2.930670738220215,"z":-1.6974620819091797},"rotation":{"x":-0.024823620915412904,"y":-0.9252960681915283,"z":0.37386608123779299,"w":-0.06105313077569008},"size":10.0,"orthographic":false}