{"cameraMode":{"drawMode":0,"name":"Shaded","section":"Shading Mode"},"sceneLighting":false,"audioPlay":false,"sceneViewState":{"showFog":true,"showMaterialUpdate":false,"showSkybox":false,"showFlares":true,"showImageEffects":true,"showParticleSystems":true},"in2DMode":false,"pivot":{"x":-3.7596137523651125,"y":0.2870742380619049,"z":-6.84088134765625},"rotation":{"x":-0.24694427847862245,"y":-0.5513845682144165,"z":0.17508286237716676,"w":-0.7775344252586365},"size":0.010998895391821862,"orthographic":false}