{"cameraMode":{"drawMode":0,"name":"Shaded","section":"Shading Mode"},"sceneLighting":false,"audioPlay":false,"sceneViewState":{"showFog":true,"showMaterialUpdate":false,"showSkybox":false,"showFlares":true,"showImageEffects":true,"showParticleSystems":true},"in2DMode":false,"pivot":{"x":2.130023956298828,"y":-1.5703879594802857,"z":-9.519083976745606},"rotation":{"x":-0.31693515181541445,"y":-0.005408342927694321,"z":0.001809341018088162,"w":-0.9484376907348633},"size":2.891096830368042,"orthographic":false}