{"cameraMode":{"drawMode":0,"name":"Shaded","section":"Shading Mode"},"sceneLighting":false,"audioPlay":false,"sceneViewState":{"showFog":true,"showMaterialUpdate":false,"showSkybox":false,"showFlares":true,"showImageEffects":true,"showParticleSystems":true},"in2DMode":false,"pivot":{"x":3.6715543270111086,"y":2.949704885482788,"z":-2.960347890853882},"rotation":{"x":0.16570818424224854,"y":0.021598126739263536,"z":-0.003679488319903612,"w":0.9860140085220337},"size":0.0052609676495194439,"orthographic":false}