{"cameraMode":{"drawMode":0,"name":"Shaded","section":"Shading Mode"},"sceneLighting":false,"audioPlay":false,"sceneViewState":{"showFog":true,"showMaterialUpdate":false,"showSkybox":false,"showFlares":true,"showImageEffects":true,"showParticleSystems":true},"in2DMode":false,"pivot":{"x":1.0958257913589478,"y":0.6522555351257324,"z":-9.68504810333252},"rotation":{"x":0.1882065385580063,"y":0.7744374871253967,"z":-0.26968690752983096,"w":0.540459930896759},"size":0.6665667295455933,"orthographic":false}