{"cameraMode":{"drawMode":0,"name":"Shaded","section":"Shading Mode"},"sceneLighting":false,"audioPlay":false,"sceneViewState":{"showFog":true,"showMaterialUpdate":false,"showSkybox":false,"showFlares":true,"showImageEffects":true,"showParticleSystems":true},"in2DMode":false,"pivot":{"x":-3.2669999599456789,"y":0.47199493646621706,"z":-5.446000099182129},"rotation":{"x":-0.07946529984474182,"y":-0.8568673133850098,"z":0.1390152871608734,"w":-0.4901396334171295},"size":0.9298021793365479,"orthographic":false}