{"cameraMode":{"drawMode":0,"name":"Shaded","section":"Shading Mode"},"sceneLighting":false,"audioPlay":false,"sceneViewState":{"showFog":true,"showMaterialUpdate":false,"showSkybox":false,"showFlares":true,"showImageEffects":true,"showParticleSystems":true},"in2DMode":false,"pivot":{"x":2.4179887771606447,"y":2.460153818130493,"z":-0.5665220022201538},"rotation":{"x":0.007440582383424044,"y":0.9712107181549072,"z":-0.2361280471086502,"w":0.030603203922510148},"size":0.40853407979011538,"orthographic":false}