{"cameraMode":{"drawMode":0,"name":"Shaded","section":"Shading Mode"},"sceneLighting":false,"audioPlay":false,"sceneViewState":{"showFog":true,"showMaterialUpdate":false,"showSkybox":false,"showFlares":true,"showImageEffects":true,"showParticleSystems":true},"in2DMode":false,"pivot":{"x":2.9907662868499758,"y":2.5568814277648927,"z":3.247169017791748},"rotation":{"x":0.14698906242847444,"y":0.29255813360214236,"z":-0.045575402677059177,"w":0.9438122510910034},"size":0.005986395291984081,"orthographic":false}