{"cameraMode":{"drawMode":0,"name":"Shaded","section":"Shading Mode"},"sceneLighting":false,"audioPlay":false,"sceneViewState":{"showFog":true,"showMaterialUpdate":false,"showSkybox":false,"showFlares":true,"showImageEffects":true,"showParticleSystems":true},"in2DMode":false,"pivot":{"x":-0.1250445544719696,"y":0.6367717981338501,"z":2.4196765422821047},"rotation":{"x":0.0029782552737742664,"y":0.983440101146698,"z":-0.18048052489757539,"w":0.01622816175222397},"size":1.2910878658294678,"orthographic":false}