{"cameraMode":{"drawMode":0,"name":"Shaded","section":"Shading Mode"},"sceneLighting":false,"audioPlay":false,"sceneViewState":{"showFog":true,"showMaterialUpdate":false,"showSkybox":false,"showFlares":true,"showImageEffects":true,"showParticleSystems":true},"in2DMode":false,"pivot":{"x":2.145183563232422,"y":-0.24400018155574799,"z":0.3116206228733063},"rotation":{"x":0.005671551451086998,"y":0.9861726760864258,"z":-0.16419042646884919,"w":0.029663749039173127},"size":4.290704250335693,"orthographic":false}