{"cameraMode":{"drawMode":0,"name":"Shaded","section":"Shading Mode"},"sceneLighting":false,"audioPlay":false,"sceneViewState":{"showFog":true,"showMaterialUpdate":false,"showSkybox":false,"showFlares":true,"showImageEffects":true,"showParticleSystems":true},"in2DMode":false,"pivot":{"x":-7.66166877746582,"y":1.9525353908538819,"z":3.654172420501709},"rotation":{"x":0.19977451860904694,"y":-0.7799131274223328,"z":0.30699437856674197,"w":0.5075231790542603},"size":2.11370587348938,"orthographic":false}