{"cameraMode":{"drawMode":0,"name":"Shaded","section":"Shading Mode"},"sceneLighting":false,"audioPlay":false,"sceneViewState":{"showFog":true,"showMaterialUpdate":false,"showSkybox":false,"showFlares":true,"showImageEffects":true,"showParticleSystems":true},"in2DMode":false,"pivot":{"x":0.4472985565662384,"y":2.494293689727783,"z":-6.517368316650391},"rotation":{"x":0.09310422092676163,"y":0.7867260575294495,"z":-0.122526615858078,"w":0.5978197455406189},"size":0.40299609303474429,"orthographic":false}