{"cameraMode":{"drawMode":0,"name":"Shaded","section":"Shading Mode"},"sceneLighting":false,"audioPlay":false,"sceneViewState":{"showFog":true,"showMaterialUpdate":false,"showSkybox":false,"showFlares":true,"showImageEffects":true,"showParticleSystems":true},"in2DMode":false,"pivot":{"x":0.010437512770295143,"y":0.020738067105412484,"z":-0.02531633898615837},"rotation":{"x":0.30860716104507449,"y":-0.1526404321193695,"z":0.05024516209959984,"w":0.9375184774398804},"size":0.007230986841022968,"orthographic":false}