{"cameraMode":{"drawMode":0,"name":"Shaded","section":"Shading Mode"},"sceneLighting":false,"audioPlay":false,"sceneViewState":{"showFog":true,"showMaterialUpdate":false,"showSkybox":false,"showFlares":true,"showImageEffects":true,"showParticleSystems":true},"in2DMode":false,"pivot":{"x":3.0693488121032717,"y":2.4077486991882326,"z":-6.356113433837891},"rotation":{"x":-0.04036855325102806,"y":0.0769621878862381,"z":0.003119763918220997,"w":0.996214747428894},"size":0.48294445872306826,"orthographic":false}