{"cameraMode":{"drawMode":0,"name":"Shaded","section":"Shading Mode"},"sceneLighting":false,"audioPlay":false,"sceneViewState":{"showFog":true,"showMaterialUpdate":false,"showSkybox":false,"showFlares":true,"showImageEffects":true,"showParticleSystems":true},"in2DMode":false,"pivot":{"x":5.980231285095215,"y":0.01382177323102951,"z":-5.306532859802246},"rotation":{"x":0.1653500199317932,"y":0.7218011021614075,"z":-0.1846962869167328,"w":0.6462275385856628},"size":1.303053855895996,"orthographic":false}